{
  "campione": {
    "Arsenico  e suoi composti come As": {
      "concentrazione_ppm": 161.04000000000002,
      "concentrazione_percentuale": 0.016104000000000004,
      "frasi_h": [
        "H331",
        "H301",
        "H400",
        "H410"
      ]
    },
    "Cobalto e suoi composti  come Co": {
      "concentrazione_ppm": 990.0000000000001,
      "concentrazione_percentuale": 0.099,
      "frasi_h": [
        "H350",
        "H341",
        "H360F",
        "H334",
        "H317",
        "H413"
      ]
    }
  },
  "sommatoria_per_frase": {
    "H331": 0,
    "H301": 0,
    "H400": 0,
    "H410": 0,
    "H350": 0,
    "Cobalto e suoi composti  come Co_H350_1B": {
      "sostanza": "Cobalto e suoi composti  come Co",
      "frase": "H350",
      "categoria": "Carc. 1B",
      "concentrazione": 0.099,
      "limite": 0.1
    },
    "H341": 0,
    "H360F": 0,
    "H334": 0,
    "H317": 0,
    "H413": 0
  },
  "caratteristiche_pericolo": [],
  "motivazioni_hp": {},
  "valori_limite": {
    "H200": 0.1,
    "H201": 0.1,
    "H202": 0.1,
    "H203": 0.1,
    "H204": 0.1,
    "H240": 0.1,
    "H241": 0.1,
    "H270": 0.1,
    "H271": 0.1,
    "H272": 0.1,
    "H224": 0.1,
    "H225": 0.1,
    "H226": 0.1,
    "H228": 0.1,
    "H242": 0.1,
    "H250": 0.1,
    "H251": 0.1,
    "H252": 0.1,
    "H260": 0.1,
    "H261": 0.1,
    "H314_HP4_MIN": 1.0,
    "H314_HP4_MAX": 5.0,
    "H318": 10.0,
    "H315_H319": 20.0,
    "H370": 1.0,
    "H371": 10.0,
    "H335": 20.0,
    "H372": 1.0,
    "H373": 10.0,
    "H304": 10.0,
    "H300_1": 0.1,
    "H300_2": 0.25,
    "H301": 5.0,
    "H302": 25.0,
    "H310_1": 0.25,
    "H310_2": 2.5,
    "H311": 15.0,
    "H312": 55.0,
    "H330_1": 0.1,
    "H330_2": 0.5,
    "H331": 3.5,
    "H332": 22.5,
    "H314": 5.0
  },
  "valori_cut_off": {
    "HP1": 0,
    "HP2": 0,
    "HP3": 0,
    "HP4": 1.0,
    "HP5": 1.0,
    "H300": 0.1,
    "H301": 0.1,
    "H302": 1.0,
    "H310": 0.1,
    "H311": 0.1,
    "H312": 1.0,
    "H330": 0.1,
    "H331": 0.1,
    "H332": 1.0,
    "H350_1A": 0.1,
    "H350_1B": 0.1,
    "H351": 1.0,
    "HP8": 1.0
  },
  "stato_fisico": "Liquido",
  "punto_infiammabilita": 70.0,
  "contiene_gasolio": false
}